first_name,last_name,email
Tallou,Basler,tbasler0@chronoengine.com
Emeline,Sansam,esansam1@chicagotribune.com
Dolores,Nagle,dnagle2@prnewswire.com
Clio,Pattillo,cpattillo3@i2i.jp
Aimil,Margrem,amargrem4@google.ca